HE,Demand
1,0.042301185
2,0.042301185
3,0.042301185
4,0.042301185
5,0.042301178
6,0.021996617
7,0.02199661
8,0.02199661
9,0.021996617
10,0.021996617
11,0.021996617
12,0.021996617
13,0.021996617
14,0.021996617
15,0.021996617
16,0.02199661
17,0.02199661
18,0.101522842
19,0.101522842
20,0.064297804
21,0.064297804
22,0.064297804
23,0.064297804
24,0.064297804
